<?xml version="1.0" encoding="UTF-8" standalone="yes"?>
<addon id="repository.repojoselio036" name="REPO-JOSELIO-036.006" version="0.3.6" provider-name="luminart506">
    <extension point="xbmc.addon.repository" name="repository.repojoselio036">
        <dir>
            <info compressed="false">https://raw.githubusercontent.com/luminart506/repojoselio036/master/zips/addons.xml</info>
            <checksum>https://raw.githubusercontent.com/luminart506/repojoselio036/master/zips/addons.xml.md5</checksum>
            <datadir zip="true">https://raw.githubusercontent.com/luminart506/repojoselio036/master/zips/</datadir>
        </dir>
    </extension>
    <extension point="xbmc.addon.metadata">
        <summary>REPO-JOSELIO-036.006</summary>
        <description>INSTALAÇÃO VIA LINK</description>
        <disclaimer></disclaimer>
        <platform>all</platform>
        <assets>
            <icon>icon.png</icon>
            <fanart>fanart.jpg</fanart>
        </assets>
    </extension>
</addon>